,client,action,time
0,Client-8bb84fdb-fe70-11ee-bf79-6805cacca872,add,1713546982.9177701
1,Client-worker-0db646d0-fe72-11ee-ae71-6805cac57238,add,1713547630.4884593
2,Client-worker-0db6a60a-fe72-11ee-ae74-6805cac57238,add,1713547630.4911609
3,Client-worker-0db664cc-fe72-11ee-ae72-6805cac57238,add,1713547630.5696814
4,Client-worker-0db6a0e8-fe72-11ee-ae73-6805cac57238,add,1713547630.5709965
5,Client-worker-0de06629-fe72-11ee-9fc2-6805cac5754a,add,1713547630.764535
6,Client-worker-0de012cb-fe72-11ee-9fc4-6805cac5754a,add,1713547630.7684555
7,Client-worker-0de061e1-fe72-11ee-9fc3-6805cac5754a,add,1713547630.769178
8,Client-worker-0de060e3-fe72-11ee-9fc5-6805cac5754a,add,1713547630.769832
