,client,action,time
0,Client-8b788e5b-fe70-11ee-b64f-6805cacc0890,add,1713546982.4989173
1,Client-worker-e8da9df8-fe71-11ee-adf4-6805cacc0cc0,add,1713547568.650862
2,Client-worker-e8da6f97-fe71-11ee-adf8-6805cacc0cc0,add,1713547568.6893723
3,Client-worker-e8da7508-fe71-11ee-adf6-6805cacc0cc0,add,1713547568.689906
4,Client-worker-e8da0b33-fe71-11ee-adf5-6805cacc0cc0,add,1713547568.6908407
5,Client-worker-e8fbceaa-fe71-11ee-9208-6805cacc0c60,add,1713547568.876169
6,Client-worker-e8fc3bad-fe71-11ee-9206-6805cacc0c60,add,1713547568.877999
7,Client-worker-e8fc39b4-fe71-11ee-9205-6805cacc0c60,add,1713547568.878831
8,Client-worker-e8fc3d80-fe71-11ee-9207-6805cacc0c60,add,1713547568.8799174
