,worker,action,stimulus_id,time
0,tcp://10.201.3.4:36599,add,,1713468399.9095643
1,tcp://10.201.3.4:33919,add,,1713468401.718952
2,tcp://10.201.3.4:46821,add,,1713468401.7222714
3,tcp://10.201.3.4:37935,add,,1713468401.7235732
4,tcp://10.201.2.255:40505,add,,1713468401.7246022
5,tcp://10.201.2.255:35261,add,,1713468401.7256563
6,tcp://10.201.2.255:42543,add,,1713468401.7266495
7,tcp://10.201.2.255:36919,add,,1713468401.727629
