,client,action,time
0,Client-715db7e1-fe70-11ee-9f4e-6805cae125ce,add,1713546938.701097
1,Client-worker-c9dc236d-fe71-11ee-ae2f-6805cae12538,add,1713547516.65175
2,Client-worker-c9dced3f-fe71-11ee-ae30-6805cae12538,add,1713547516.7506678
3,Client-worker-c9dcecc2-fe71-11ee-ae32-6805cae12538,add,1713547516.751557
4,Client-worker-c9dceab8-fe71-11ee-ae31-6805cae12538,add,1713547516.752414
5,Client-worker-c9dd98d4-fe71-11ee-8a30-6805cae12610,add,1713547516.753879
6,Client-worker-c9dd9693-fe71-11ee-8a2f-6805cae12610,add,1713547516.7544084
7,Client-worker-c9dd9d9c-fe71-11ee-8a2d-6805cae12610,add,1713547516.7564683
8,Client-worker-c9dd943a-fe71-11ee-8a2e-6805cae12610,add,1713547516.7578893
