,client,action,time
0,Client-8a5e503e-fe70-11ee-ad3b-6805cae19c42,add,1713546980.6482632
1,Client-worker-ed58dd14-fe71-11ee-a025-6805cacc0c96,add,1713547576.1893523
2,Client-worker-ed594daa-fe71-11ee-a026-6805cacc0c96,add,1713547576.230729
3,Client-worker-ed594e18-fe71-11ee-a024-6805cacc0c96,add,1713547576.2312715
4,Client-worker-ed595596-fe71-11ee-a023-6805cacc0c96,add,1713547576.2321296
5,Client-worker-ed5a7dbc-fe71-11ee-b52c-6805cacc0a88,add,1713547576.2326987
6,Client-worker-ed5a6a45-fe71-11ee-b52a-6805cacc0a88,add,1713547576.2334826
7,Client-worker-ed5a70ca-fe71-11ee-b52d-6805cacc0a88,add,1713547576.234008
8,Client-worker-ed5a7255-fe71-11ee-b52b-6805cacc0a88,add,1713547576.2345338
