,worker,action,stimulus_id,time
0,tcp://10.201.4.53:44561,add,,1713455680.5460615
1,tcp://10.201.4.53:38601,add,,1713455682.542576
2,tcp://10.201.4.53:36009,add,,1713455682.5457237
3,tcp://10.201.4.53:32895,add,,1713455682.5471184
4,tcp://10.201.4.54:34447,add,,1713455682.548705
5,tcp://10.201.4.54:40107,add,,1713455682.549873
6,tcp://10.201.4.54:41821,add,,1713455682.5509775
7,tcp://10.201.4.54:38559,add,,1713455682.5520625
