,worker,action,stimulus_id,time
0,tcp://10.201.4.19:46431,add,,1713553302.3358858
1,tcp://10.201.4.19:41961,add,,1713553302.337591
2,tcp://10.201.4.19:36321,add,,1713553302.3467314
3,tcp://10.201.4.19:42045,add,,1713553302.3481152
4,tcp://10.201.4.19:35707,add,,1713553302.3493335
5,tcp://10.201.4.19:46271,add,,1713553302.3504949
6,tcp://10.201.4.19:40351,add,,1713553302.3516772
7,tcp://10.201.4.19:43619,add,,1713553302.352819
