,client,action,time
0,Client-70ab2f85-fe70-11ee-9ea4-6805cae1dd68,add,1713546937.5316331
1,Client-worker-d4d7c2b0-fe71-11ee-91d2-6805cae1de52,add,1713547535.169496
2,Client-worker-d4d7b2ba-fe71-11ee-91d3-6805cae1de52,add,1713547535.1701338
3,Client-worker-d4d7b42a-fe71-11ee-91d0-6805cae1de52,add,1713547535.1712883
4,Client-worker-d4d74dfc-fe71-11ee-91d1-6805cae1de52,add,1713547535.171869
5,Client-worker-d4da90c3-fe71-11ee-9686-6805cae1e1b6,add,1713547535.1726215
6,Client-worker-d4da6005-fe71-11ee-9685-6805cae1e1b6,add,1713547535.1734967
7,Client-worker-d4dbd402-fe71-11ee-9683-6805cae1e1b6,add,1713547535.174021
8,Client-worker-d4dc0678-fe71-11ee-9684-6805cae1e1b6,add,1713547535.174571
