,client,action,time
0,Client-8c1962db-fe70-11ee-ba4d-6805cac574ea,add,1713546983.5535917
1,Client-worker-0249ca42-fe72-11ee-a32e-6805cacc0768,add,1713547611.3229055
2,Client-worker-024a336d-fe72-11ee-a32c-6805cacc0768,add,1713547611.5304992
3,Client-worker-024a3d90-fe72-11ee-a32d-6805cacc0768,add,1713547611.5310924
4,Client-worker-024a52e0-fe72-11ee-a32b-6805cacc0768,add,1713547611.5322454
5,Client-worker-024b7a34-fe72-11ee-942e-6805cac573ac,add,1713547611.5331125
6,Client-worker-024b68a3-fe72-11ee-9430-6805cac573ac,add,1713547611.5339935
7,Client-worker-024b5bb0-fe72-11ee-942f-6805cac573ac,add,1713547611.5345445
8,Client-worker-024b6940-fe72-11ee-9431-6805cac573ac,add,1713547611.535083
