,client,action,time
0,Client-4072a69d-fe63-11ee-a974-6805cad9479c,add,1713541273.1729395
1,Client-worker-9ded33cb-fe64-11ee-820a-6805cacedba0,add,1713541859.485871
2,Client-worker-9dec7999-fe64-11ee-8209-6805cacedba0,add,1713541859.4882917
3,Client-worker-9ded30a5-fe64-11ee-8208-6805cacedba0,add,1713541859.4895833
4,Client-worker-9ded24e4-fe64-11ee-8207-6805cacedba0,add,1713541859.4901452
5,Client-worker-9ded439d-fe64-11ee-ab97-6805cacedc84,add,1713541859.4917817
6,Client-worker-9ded3592-fe64-11ee-ab95-6805cacedc84,add,1713541859.4947689
7,Client-worker-9ded378d-fe64-11ee-ab98-6805cacedc84,add,1713541859.4958007
8,Client-worker-9ded4015-fe64-11ee-ab96-6805cacedc84,add,1713541859.4963129
