,client,action,time
0,Client-82722110-fe70-11ee-aae3-6805cae03556,add,1713546967.3562348
1,Client-worker-e1a8a9cc-fe71-11ee-a496-6805cae18ed0,add,1713547556.579523
2,Client-worker-e1a89758-fe71-11ee-a499-6805cae18ed0,add,1713547556.6577861
3,Client-worker-e1a905cd-fe71-11ee-a498-6805cae18ed0,add,1713547556.663873
4,Client-worker-e1a904db-fe71-11ee-a497-6805cae18ed0,add,1713547556.6644046
5,Client-worker-e1af187b-fe71-11ee-8cc5-6805cae11036,add,1713547556.6654372
6,Client-worker-e1af8bc2-fe71-11ee-8cc7-6805cae11036,add,1713547556.6662369
7,Client-worker-e1af8103-fe71-11ee-8cc6-6805cae11036,add,1713547556.666783
8,Client-worker-e1af9ba7-fe71-11ee-8cc8-6805cae11036,add,1713547556.6673036
