,worker,action,stimulus_id,time
0,tcp://10.201.2.137:38981,add,,1713553301.8894892
1,tcp://10.201.2.137:35217,add,,1713553301.8906825
2,tcp://10.201.2.137:38977,add,,1713553301.8988311
3,tcp://10.201.2.137:46839,add,,1713553301.9001603
4,tcp://10.201.2.137:46069,add,,1713553301.9013076
5,tcp://10.201.2.137:33089,add,,1713553301.9024057
6,tcp://10.201.2.137:35753,add,,1713553301.9035385
7,tcp://10.201.2.137:37489,add,,1713553301.904641
