,client,action,time
0,Client-70c83e2e-fe70-11ee-a8b1-6805cae12090,add,1713546937.7215703
1,Client-worker-f54695e8-fe71-11ee-b963-6805cae13048,add,1713547589.5626125
2,Client-worker-f5474e83-fe71-11ee-b960-6805cae13048,add,1713547589.5641987
3,Client-worker-f5475e1f-fe71-11ee-b962-6805cae13048,add,1713547589.5679536
4,Client-worker-f547546d-fe71-11ee-b961-6805cae13048,add,1713547589.5693302
5,Client-worker-f5480bff-fe71-11ee-a8ab-6805cae11264,add,1713547589.570161
6,Client-worker-f5480fae-fe71-11ee-a8ac-6805cae11264,add,1713547589.5710435
7,Client-worker-f54810b5-fe71-11ee-a8ad-6805cae11264,add,1713547589.5716345
8,Client-worker-f54810a7-fe71-11ee-a8ae-6805cae11264,add,1713547589.572333
