,client,action,time
0,Client-828cab0f-fe70-11ee-ad52-6805cae02e9e,add,1713546967.529688
1,Client-worker-dc858a5a-fe71-11ee-b535-6805cae03754,add,1713547547.9609354
2,Client-worker-dc85f30b-fe71-11ee-b537-6805cae03754,add,1713547548.05742
3,Client-worker-dc85f01a-fe71-11ee-b534-6805cae03754,add,1713547548.0589027
4,Client-worker-dc860636-fe71-11ee-b536-6805cae03754,add,1713547548.0594783
5,Client-worker-dc88ebfb-fe71-11ee-8a30-6805cae02d48,add,1713547548.0600536
6,Client-worker-dc894b84-fe71-11ee-8a2d-6805cae02d48,add,1713547548.061796
7,Client-worker-dc894247-fe71-11ee-8a2f-6805cae02d48,add,1713547548.0623531
8,Client-worker-dc894fe6-fe71-11ee-8a2e-6805cae02d48,add,1713547548.0629153
