,client,action,time
0,Client-341fdad3-fe63-11ee-8676-6805cae1d902,add,1713541252.4924586
1,Client-worker-b70bee4a-fe64-11ee-834b-6805cae1da52,add,1713541901.6308587
2,Client-worker-b70bf543-fe64-11ee-834a-6805cae1da52,add,1713541901.631657
3,Client-worker-b70b81b8-fe64-11ee-8349-6805cae1da52,add,1713541901.7723866
4,Client-worker-b70bf4e3-fe64-11ee-8348-6805cae1da52,add,1713541901.7731981
5,Client-worker-b730b50e-fe64-11ee-b0c6-6805cae1daa6,add,1713541901.8725243
6,Client-worker-b7310f9a-fe64-11ee-b0c5-6805cae1daa6,add,1713541901.875346
7,Client-worker-b7310ade-fe64-11ee-b0c4-6805cae1daa6,add,1713541901.87995
8,Client-worker-b7311251-fe64-11ee-b0c3-6805cae1daa6,add,1713541901.880834
