,worker,action,stimulus_id,time
0,tcp://10.201.0.117:32869,add,,1713455902.3879902
1,tcp://10.201.0.117:36453,add,,1713455902.3893409
2,tcp://10.201.0.117:43043,add,,1713455902.3904395
3,tcp://10.201.0.117:42021,add,,1713455902.391477
4,tcp://10.201.0.115:39041,add,,1713455902.392527
5,tcp://10.201.0.115:44311,add,,1713455902.3935905
6,tcp://10.201.0.115:45655,add,,1713455902.3946283
7,tcp://10.201.0.115:42969,add,,1713455902.3956797
