,client,action,time
0,Client-8bfe128f-fe70-11ee-a0ee-6805cac578c6,add,1713546983.3738327
1,Client-worker-e0e8487d-fe71-11ee-b52b-6805cae18bb4,add,1713547555.3227258
2,Client-worker-e0e861e7-fe71-11ee-b52a-6805cae18bb4,add,1713547555.502932
3,Client-worker-e0e897e6-fe71-11ee-b52d-6805cae18bb4,add,1713547555.5082414
4,Client-worker-e0e89ab8-fe71-11ee-b52c-6805cae18bb4,add,1713547555.5094059
5,Client-worker-e114491b-fe71-11ee-bbe5-6805cae19c84,add,1713547555.6076336
6,Client-worker-e114bac5-fe71-11ee-bbe3-6805cae19c84,add,1713547555.6104507
7,Client-worker-e114aa2f-fe71-11ee-bbe4-6805cae19c84,add,1713547555.614237
8,Client-worker-e114b6d6-fe71-11ee-bbe2-6805cae19c84,add,1713547555.6159098
