,worker,action,stimulus_id,time
0,tcp://10.201.3.254:39001,add,,1713553302.3422437
1,tcp://10.201.3.254:38761,add,,1713553302.3435686
2,tcp://10.201.3.254:38357,add,,1713553302.3505661
3,tcp://10.201.3.254:42649,add,,1713553302.351883
4,tcp://10.201.3.254:37823,add,,1713553302.353082
5,tcp://10.201.3.254:43195,add,,1713553302.3543117
6,tcp://10.201.3.254:41797,add,,1713553302.355436
7,tcp://10.201.3.254:42141,add,,1713553302.35651
