,worker,action,stimulus_id,time
0,tcp://10.201.3.137:39483,add,,1713553295.663892
1,tcp://10.201.3.137:34103,add,,1713553295.665826
2,tcp://10.201.3.137:37277,add,,1713553295.6671894
3,tcp://10.201.3.137:35227,add,,1713553295.6684082
4,tcp://10.201.3.137:40053,add,,1713553295.669543
5,tcp://10.201.3.137:36485,add,,1713553295.670633
6,tcp://10.201.3.137:44931,add,,1713553295.671725
7,tcp://10.201.3.137:41867,add,,1713553295.672794
