,client,action,time
0,Client-8ae69e67-fe70-11ee-9802-6805cad94282,add,1713546982.5088372
1,Client-worker-e86619fa-fe71-11ee-931f-6805cacc0a8e,add,1713547567.8874307
2,Client-worker-e8667d6e-fe71-11ee-9320-6805cacc0a8e,add,1713547567.8899264
3,Client-worker-e86688cb-fe71-11ee-9323-6805cacc0a8e,add,1713547567.9616683
4,Client-worker-e8668820-fe71-11ee-931e-6805cacc0a8e,add,1713547567.9623303
5,Client-worker-e8682bb1-fe71-11ee-bd45-6805cacc0aee,add,1713547567.963149
6,Client-worker-e868aea6-fe71-11ee-bd48-6805cacc0aee,add,1713547567.9638934
7,Client-worker-e868b7cb-fe71-11ee-bd46-6805cacc0aee,add,1713547567.9644217
8,Client-worker-e868ab30-fe71-11ee-bd47-6805cacc0aee,add,1713547567.9649446
