,worker,action,stimulus_id,time
0,tcp://10.201.3.114:39249,add,,1713546980.6223016
1,tcp://10.201.3.114:41533,add,,1713546982.4883556
2,tcp://10.201.3.114:41459,add,,1713546982.492057
3,tcp://10.201.3.114:41657,add,,1713546982.4932754
4,tcp://10.201.3.113:33199,add,,1713546982.4944263
5,tcp://10.201.3.113:40637,add,,1713546982.4956007
6,tcp://10.201.3.113:33743,add,,1713546982.4967306
7,tcp://10.201.3.113:41409,add,,1713546982.4978502
