,client,action,time
0,Client-e19d4b5d-fe8e-11ee-b1cd-6805cae1d902,add,1713560011.9248097
1,Client-worker-61bd67e3-fe90-11ee-a65e-6805cae1daa6,add,1713560656.5796723
2,Client-worker-61bdc61b-fe90-11ee-a65c-6805cae1daa6,add,1713560656.5817592
3,Client-worker-61bdcbfa-fe90-11ee-a662-6805cae1daa6,add,1713560656.584943
4,Client-worker-61bdc210-fe90-11ee-a65d-6805cae1daa6,add,1713560656.5864294
5,Client-worker-61c902f9-fe90-11ee-a707-6805cae1dab8,add,1713560656.5879576
6,Client-worker-61c95ec0-fe90-11ee-a706-6805cae1dab8,add,1713560656.5889256
7,Client-worker-61c95b2c-fe90-11ee-a704-6805cae1dab8,add,1713560656.589488
8,Client-worker-61c954c4-fe90-11ee-a705-6805cae1dab8,add,1713560656.590333
