,worker,action,stimulus_id,time
0,tcp://10.201.2.137:35455,add,,1713560009.3514311
1,tcp://10.201.2.137:35219,add,,1713560011.1884446
2,tcp://10.201.2.137:33103,add,,1713560011.1920338
3,tcp://10.201.2.137:36763,add,,1713560011.1933599
4,tcp://10.201.2.138:44891,add,,1713560011.194478
5,tcp://10.201.2.138:37261,add,,1713560011.1957803
6,tcp://10.201.2.138:38125,add,,1713560011.1969144
7,tcp://10.201.2.138:44031,add,,1713560011.1980267
