,client,keys,dependencies,time
0,Client-3fe1305c-fe7f-11ee-8fc2-6805cae199a4,{'list-eadaf46e-d379-4039-91d1-1967ac67cb59'},"{'list-eadaf46e-d379-4039-91d1-1967ac67cb59': {'_dask_helper-d21168c4-ce85-49a9-8919-85003df15e24', '_dask_helper-a490499d-f890-4a7c-82f5-445053d7c891', '_dask_helper-eb3a1219-0079-4da8-a46f-26ef364e69ea', '_dask_helper-e1ccf25e-ad06-4d70-8303-e1156361fd6c'}, '_dask_helper-a490499d-f890-4a7c-82f5-445053d7c891': set(), '_dask_helper-d21168c4-ce85-49a9-8919-85003df15e24': set(), '_dask_helper-e1ccf25e-ad06-4d70-8303-e1156361fd6c': set(), '_dask_helper-eb3a1219-0079-4da8-a46f-26ef364e69ea': set()}",1713553307.1005921
1,Client-3fe1305c-fe7f-11ee-8fc2-6805cae199a4,{'list-a9946aa1-b28b-431e-8646-f69cdd72a223'},"{'list-a9946aa1-b28b-431e-8646-f69cdd72a223': {'_dask_helper-abb8363c-e005-4c6d-b67d-edf0d7606c75'}, '_dask_helper-abb8363c-e005-4c6d-b67d-edf0d7606c75': set()}",1713553313.0938792
2,Client-3fe1305c-fe7f-11ee-8fc2-6805cae199a4,{'list-c7366ccf-20ac-4f5b-ad7a-54267efa7df4'},"{'list-c7366ccf-20ac-4f5b-ad7a-54267efa7df4': {'_dask_helper-568cf545-8d39-4559-84cd-f3ad4d975051'}, '_dask_helper-568cf545-8d39-4559-84cd-f3ad4d975051': set()}",1713553326.7999263
