,worker,action,stimulus_id,time
0,tcp://10.201.3.17:45407,add,,1713553302.5732512
1,tcp://10.201.3.17:35967,add,,1713553302.5747316
2,tcp://10.201.3.17:36903,add,,1713553302.5805202
3,tcp://10.201.3.17:40865,add,,1713553302.5818324
4,tcp://10.201.3.17:36723,add,,1713553302.582957
5,tcp://10.201.3.17:37637,add,,1713553302.584061
6,tcp://10.201.3.17:38345,add,,1713553302.5851765
7,tcp://10.201.3.17:40773,add,,1713553302.5862522
