,client,action,time
0,Client-e4367211-fe8e-11ee-9cf7-6805cacee6a0,add,1713560016.283932
1,Client-worker-3cc3e5d2-fe90-11ee-bd7e-6805cae132a6,add,1713560594.3604934
2,Client-worker-3cc400bb-fe90-11ee-bd7d-6805cae132a6,add,1713560594.3645742
3,Client-worker-3cc4184c-fe90-11ee-bd7f-6805cae132a6,add,1713560594.3655975
4,Client-worker-3cc3f909-fe90-11ee-bd7c-6805cae132a6,add,1713560594.3661816
5,Client-worker-3cc6c386-fe90-11ee-a5e6-6805cacca712,add,1713560594.3670955
6,Client-worker-3cc6ddd4-fe90-11ee-a5e5-6805cacca712,add,1713560594.3676379
7,Client-worker-3cc67e9a-fe90-11ee-a5e7-6805cacca712,add,1713560594.3681483
8,Client-worker-3cc6c52c-fe90-11ee-a5e8-6805cacca712,add,1713560594.3686934
