,client,action,time
0,Client-8bc87afb-fe70-11ee-adf4-6805cacee6a0,add,1713546983.0227692
1,Client-worker-e63bdca8-fe71-11ee-89b7-6805cae132a6,add,1713547564.3811305
2,Client-worker-e63be630-fe71-11ee-89ba-6805cae132a6,add,1713547564.3819928
3,Client-worker-e63bf61e-fe71-11ee-89b8-6805cae132a6,add,1713547564.3829737
4,Client-worker-e63be547-fe71-11ee-89b9-6805cae132a6,add,1713547564.383603
5,Client-worker-e693cf56-fe71-11ee-86fe-6805cacca712,add,1713547564.8316355
6,Client-worker-e693d8bf-fe71-11ee-86fb-6805cacca712,add,1713547564.8324797
7,Client-worker-e69394c1-fe71-11ee-86fd-6805cacca712,add,1713547564.8355827
8,Client-worker-e693c72e-fe71-11ee-86fc-6805cacca712,add,1713547564.8380158
