,client,keys,dependencies,time
0,Client-3fb89f8f-fe7f-11ee-b683-6805cadd5daa,{'list-e9b253c1-4e6c-4d13-8325-b98485686968'},"{'list-e9b253c1-4e6c-4d13-8325-b98485686968': {'_dask_helper-05f325f6-ed0f-4192-aa01-36c09968a997', '_dask_helper-b0991656-441d-4e5d-b51d-1f863809ef7f', '_dask_helper-3ef65036-fbe1-48a5-9ebd-f94b2621e8bc', '_dask_helper-0c889147-50cf-4de4-ade2-4a9144ab35ed'}, '_dask_helper-05f325f6-ed0f-4192-aa01-36c09968a997': set(), '_dask_helper-b0991656-441d-4e5d-b51d-1f863809ef7f': set(), '_dask_helper-0c889147-50cf-4de4-ade2-4a9144ab35ed': set(), '_dask_helper-3ef65036-fbe1-48a5-9ebd-f94b2621e8bc': set()}",1713553307.1089005
1,Client-3fb89f8f-fe7f-11ee-b683-6805cadd5daa,{'list-8bd16c27-71ca-424d-9bd5-415d63424a27'},"{'list-8bd16c27-71ca-424d-9bd5-415d63424a27': {'_dask_helper-8d607e54-3b1e-4103-92a6-fb8c5c0887b0'}, '_dask_helper-8d607e54-3b1e-4103-92a6-fb8c5c0887b0': set()}",1713553313.1728828
2,Client-3fb89f8f-fe7f-11ee-b683-6805cadd5daa,{'list-80dac058-55ee-462e-bf63-de212e84d678'},"{'list-80dac058-55ee-462e-bf63-de212e84d678': {'_dask_helper-d962b3ab-0adb-4a11-b3a1-1df67e4b7f9d'}, '_dask_helper-d962b3ab-0adb-4a11-b3a1-1df67e4b7f9d': set()}",1713553326.7631102
