,worker,action,stimulus_id,time
0,tcp://10.201.3.251:34939,add,,1713553302.165584
1,tcp://10.201.3.251:37899,add,,1713553302.1669605
2,tcp://10.201.3.251:45171,add,,1713553302.17266
3,tcp://10.201.3.251:37849,add,,1713553302.174148
4,tcp://10.201.3.251:41213,add,,1713553302.1753008
5,tcp://10.201.3.251:44465,add,,1713553302.1764467
6,tcp://10.201.3.251:38881,add,,1713553302.1775901
7,tcp://10.201.3.251:43083,add,,1713553302.1786797
