,client,action,time
0,Client-e1a7f459-fe8e-11ee-b4e8-6805cad940cc,add,1713560011.9952574
1,Client-worker-42f68cb2-fe90-11ee-af92-6805cad94472,add,1713560604.855071
2,Client-worker-42f6eff6-fe90-11ee-af8f-6805cad94472,add,1713560604.8621826
3,Client-worker-42f6f797-fe90-11ee-af91-6805cad94472,add,1713560604.8633094
4,Client-worker-42f6f3ab-fe90-11ee-af90-6805cad94472,add,1713560604.863874
5,Client-worker-4304ffe0-fe90-11ee-956e-6805cacee072,add,1713560604.8644452
6,Client-worker-43056c23-fe90-11ee-956d-6805cacee072,add,1713560604.865293
7,Client-worker-430552c9-fe90-11ee-956b-6805cacee072,add,1713560604.8664196
8,Client-worker-43054bdc-fe90-11ee-956c-6805cacee072,add,1713560604.866902
