,worker,action,stimulus_id,time
0,tcp://10.201.3.228:33595,add,,1713560008.4406967
1,tcp://10.201.3.228:35435,add,,1713560010.3289514
2,tcp://10.201.3.228:45787,add,,1713560010.3325033
3,tcp://10.201.3.228:36941,add,,1713560010.3338425
4,tcp://10.201.3.229:45743,add,,1713560010.3349783
5,tcp://10.201.3.229:44787,add,,1713560010.3361354
6,tcp://10.201.3.229:44769,add,,1713560010.3372638
7,tcp://10.201.3.229:37599,add,,1713560010.3383675
