,client,action,time
0,Client-3425ef17-fe63-11ee-afe2-6805cae1ddbc,add,1713541252.5326648
1,Client-worker-b0a55521-fe64-11ee-b634-6805cae1e1f8,add,1713541891.0996935
2,Client-worker-b0a5620e-fe64-11ee-b636-6805cae1e1f8,add,1713541891.1003864
3,Client-worker-b0a57944-fe64-11ee-b637-6805cae1e1f8,add,1713541891.1057913
4,Client-worker-b0a4f64b-fe64-11ee-b635-6805cae1e1f8,add,1713541891.1070855
5,Client-worker-b0abbdf9-fe64-11ee-9894-6805cae1dbcc,add,1713541891.1087925
6,Client-worker-b0abf259-fe64-11ee-9898-6805cae1dbcc,add,1713541891.109886
7,Client-worker-b0ab5e31-fe64-11ee-9892-6805cae1dbcc,add,1713541891.1104007
8,Client-worker-b0abcbfe-fe64-11ee-9893-6805cae1dbcc,add,1713541891.111194
