,client,action,time
0,Client-826dd8dd-fe70-11ee-8b16-6805cae02d0c,add,1713546967.330196
1,Client-worker-ffc9b5b1-fe71-11ee-a8d4-6805cae037d2,add,1713547607.1279154
2,Client-worker-ffca1b11-fe71-11ee-a8d7-6805cae037d2,add,1713547607.1613462
3,Client-worker-ffc9fd57-fe71-11ee-a8d5-6805cae037d2,add,1713547607.1619647
4,Client-worker-ffcc7e2d-fe71-11ee-a8d6-6805cae037d2,add,1713547607.162727
5,Client-worker-ffd25da9-fe71-11ee-a81c-6805cae02e4a,add,1713547607.1850028
6,Client-worker-ffd2bdf7-fe71-11ee-a81f-6805cae02e4a,add,1713547607.1915727
7,Client-worker-ffd2f13e-fe71-11ee-a81e-6805cae02e4a,add,1713547607.1951814
8,Client-worker-ffd2d4b2-fe71-11ee-a81d-6805cae02e4a,add,1713547607.1957412
