,worker,action,stimulus_id,time
0,tcp://10.201.3.79:36525,add,,1713468398.1968963
1,tcp://10.201.3.79:37017,add,,1713468400.07003
2,tcp://10.201.3.79:38653,add,,1713468400.0730624
3,tcp://10.201.3.79:44719,add,,1713468400.074424
4,tcp://10.201.3.85:43987,add,,1713468400.0761664
5,tcp://10.201.3.85:41317,add,,1713468400.0773544
6,tcp://10.201.3.85:43145,add,,1713468400.0784771
7,tcp://10.201.3.85:43979,add,,1713468400.079582
