,client,action,time
0,Client-82b3f1f9-fe70-11ee-9a4f-6805cae0334e,add,1713546967.7886686
1,Client-worker-e38dd0f8-fe71-11ee-8b55-6805cae037f0,add,1713547559.759326
2,Client-worker-e38e4b82-fe71-11ee-8b54-6805cae037f0,add,1713547559.763235
3,Client-worker-e38e5e61-fe71-11ee-8b56-6805cae037f0,add,1713547559.7644742
4,Client-worker-e38e4f5d-fe71-11ee-8b53-6805cae037f0,add,1713547559.772775
5,Client-worker-e38f67e4-fe71-11ee-8db7-6805cae02eb6,add,1713547559.7737453
6,Client-worker-e38eed8d-fe71-11ee-8db5-6805cae02eb6,add,1713547559.7744203
7,Client-worker-e38f8e9c-fe71-11ee-8db6-6805cae02eb6,add,1713547559.7752597
8,Client-worker-e38f7578-fe71-11ee-8db4-6805cae02eb6,add,1713547559.7763102
