,client,action,time
0,Client-82744618-fe70-11ee-87c0-6805cae0325e,add,1713546967.3711967
1,Client-worker-e4e1306f-fe71-11ee-acd6-6805cae03718,add,1713547562.190688
2,Client-worker-e4e0b0c6-fe71-11ee-acd8-6805cae03718,add,1713547562.1913917
3,Client-worker-e4e131d4-fe71-11ee-acd7-6805cae03718,add,1713547562.1954942
4,Client-worker-e4e13647-fe71-11ee-acd9-6805cae03718,add,1713547562.1959991
5,Client-worker-e4e26eab-fe71-11ee-bf58-6805cae0342a,add,1713547562.1967762
6,Client-worker-e4e29d40-fe71-11ee-bf57-6805cae0342a,add,1713547562.1977603
7,Client-worker-e4e2285f-fe71-11ee-bf59-6805cae0342a,add,1713547562.1991038
8,Client-worker-e4e2870c-fe71-11ee-bf5a-6805cae0342a,add,1713547562.1996436
