,worker,action,stimulus_id,time
0,tcp://10.201.0.212:46283,add,,1713468399.517638
1,tcp://10.201.0.212:40295,add,,1713468401.3505373
2,tcp://10.201.0.212:39731,add,,1713468401.3535793
3,tcp://10.201.0.212:40899,add,,1713468401.3547294
4,tcp://10.201.0.210:46055,add,,1713468401.356069
5,tcp://10.201.0.210:36053,add,,1713468401.357227
6,tcp://10.201.0.210:45981,add,,1713468401.3583357
7,tcp://10.201.0.210:41207,add,,1713468401.3594666
