,client,action,time
0,Client-828cacf7-fe70-11ee-b281-6805cae18b90,add,1713546967.5298896
1,Client-worker-e5a1520d-fe71-11ee-a9ae-6805cae18eca,add,1713547563.242672
2,Client-worker-e5a1bcfa-fe71-11ee-a9ac-6805cae18eca,add,1713547563.3243082
3,Client-worker-e5a1c662-fe71-11ee-a9ad-6805cae18eca,add,1713547563.327149
4,Client-worker-e5a1d000-fe71-11ee-a9af-6805cae18eca,add,1713547563.3278165
5,Client-worker-e5a3406c-fe71-11ee-8a76-6805cae19ac4,add,1713547563.328687
6,Client-worker-e5a38e97-fe71-11ee-8a75-6805cae19ac4,add,1713547563.3299665
7,Client-worker-e5a394cf-fe71-11ee-8a78-6805cae19ac4,add,1713547563.3304992
8,Client-worker-e5a33dfb-fe71-11ee-8a77-6805cae19ac4,add,1713547563.3310158
