,worker,action,stimulus_id,time
0,tcp://10.201.0.197:43969,add,,1713468399.8759434
1,tcp://10.201.0.197:44551,add,,1713468401.7396019
2,tcp://10.201.0.197:45429,add,,1713468401.7426927
3,tcp://10.201.0.197:45257,add,,1713468401.7442222
4,tcp://10.201.0.183:44003,add,,1713468401.7457054
5,tcp://10.201.0.183:42499,add,,1713468401.7468758
6,tcp://10.201.0.183:41331,add,,1713468401.7479928
7,tcp://10.201.0.183:44243,add,,1713468401.7491114
