,client,keys,dependencies,time
0,Client-384db906-fe7f-11ee-9316-6805cacee6a0,{'list-e1f6b2d1-859d-455f-b2be-83d2c9d87d8e'},"{'list-e1f6b2d1-859d-455f-b2be-83d2c9d87d8e': {'_dask_helper-9731f80c-b769-4e38-8691-8aeeaa22a0bc', '_dask_helper-69422a00-d2ee-48a4-8fa6-0c7d79d710f1', '_dask_helper-936f2254-27a9-499a-837e-021236ce898f', '_dask_helper-1174db58-6c19-42a2-a924-cab7f4014ae3'}, '_dask_helper-69422a00-d2ee-48a4-8fa6-0c7d79d710f1': set(), '_dask_helper-1174db58-6c19-42a2-a924-cab7f4014ae3': set(), '_dask_helper-9731f80c-b769-4e38-8691-8aeeaa22a0bc': set(), '_dask_helper-936f2254-27a9-499a-837e-021236ce898f': set()}",1713553287.4368541
1,Client-384db906-fe7f-11ee-9316-6805cacee6a0,{'list-6c56340c-a115-446d-bfc9-6d9b35f8b47a'},"{'list-6c56340c-a115-446d-bfc9-6d9b35f8b47a': {'_dask_helper-0a4d0fcc-9966-4ca9-825b-2a7243830d83'}, '_dask_helper-0a4d0fcc-9966-4ca9-825b-2a7243830d83': set()}",1713553302.128897
2,Client-384db906-fe7f-11ee-9316-6805cacee6a0,{'list-9913b68e-dd38-48c9-a71c-ace39023d32f'},"{'list-9913b68e-dd38-48c9-a71c-ace39023d32f': {'_dask_helper-1d1e89f8-5015-42ec-b535-fe660fbbdea3'}, '_dask_helper-1d1e89f8-5015-42ec-b535-fe660fbbdea3': set()}",1713553315.664617
