,worker,action,stimulus_id,time
0,tcp://10.201.1.183:43427,add,,1713553288.0613477
1,tcp://10.201.1.183:33377,add,,1713553288.0632827
2,tcp://10.201.1.183:39371,add,,1713553288.064477
3,tcp://10.201.1.183:35477,add,,1713553288.0656104
4,tcp://10.201.1.183:39179,add,,1713553288.0667155
5,tcp://10.201.1.183:33821,add,,1713553288.0678782
6,tcp://10.201.1.183:45569,add,,1713553288.0689845
7,tcp://10.201.1.183:37247,add,,1713553288.0700974
