,client,action,time
0,Client-ec2a27a1-fe73-11ee-861a-6805cae1ddbc,add,1713548433.21337
1,Client-worker-50222a18-fe75-11ee-8fe5-6805cae1e1f8,add,1713549030.5149844
2,Client-worker-50222adc-fe75-11ee-8fe3-6805cae1e1f8,add,1713549030.5158174
3,Client-worker-50222fed-fe75-11ee-8fe6-6805cae1e1f8,add,1713549030.5166776
4,Client-worker-5022f896-fe75-11ee-8fe2-6805cae1e1f8,add,1713549030.5175889
5,Client-worker-5022fc9b-fe75-11ee-b07b-6805cae1dbcc,add,1713549030.5181592
6,Client-worker-5022fd9d-fe75-11ee-b079-6805cae1dbcc,add,1713549030.5186863
7,Client-worker-5022f801-fe75-11ee-b07a-6805cae1dbcc,add,1713549030.5192251
8,Client-worker-50231091-fe75-11ee-b080-6805cae1dbcc,add,1713549030.5203955
