,client,action,time
0,Client-403c7947-fe63-11ee-83e0-6805cabffa58,add,1713541272.815833
1,Client-worker-c00d8ec3-fe64-11ee-bcd8-6805cac00b72,add,1713541916.930431
2,Client-worker-c00d9985-fe64-11ee-bcd9-6805cac00b72,add,1713541916.935975
3,Client-worker-c00cd9dc-fe64-11ee-bcda-6805cac00b72,add,1713541916.9382343
4,Client-worker-c00e391e-fe64-11ee-9dc3-6805cac00b90,add,1713541916.9388704
5,Client-worker-c00e2cfc-fe64-11ee-9dc2-6805cac00b90,add,1713541916.9394786
6,Client-worker-c00d8443-fe64-11ee-bcd7-6805cac00b72,add,1713541916.9408529
7,Client-worker-c00e4163-fe64-11ee-9dc1-6805cac00b90,add,1713541916.9414334
8,Client-worker-c00e3ddf-fe64-11ee-9dc0-6805cac00b90,add,1713541916.9419982
