,client,action,time
0,Client-e1a16429-fe8e-11ee-8ff0-6805cad9479c,add,1713560011.9530315
1,Client-worker-66a035e2-fe90-11ee-9a5c-6805cacedc84,add,1713560664.5630102
2,Client-worker-66a0987d-fe90-11ee-9a5f-6805cacedc84,add,1713560664.5665977
3,Client-worker-66a09e84-fe90-11ee-9a5d-6805cacedc84,add,1713560664.5686932
4,Client-worker-66a096ce-fe90-11ee-9a5e-6805cacedc84,add,1713560664.5724022
5,Client-worker-66a24032-fe90-11ee-af29-6805cacedba0,add,1713560664.5773115
6,Client-worker-66a1836b-fe90-11ee-af2b-6805cacedba0,add,1713560664.5805955
7,Client-worker-66a1f384-fe90-11ee-af2c-6805cacedba0,add,1713560664.581529
8,Client-worker-66a23729-fe90-11ee-af2a-6805cacedba0,add,1713560664.583332
