,client,keys,dependencies,time
0,Client-d32053f5-fe89-11ee-92c8-6805cadd6766,{'list-728efce1-73cb-4faf-adcd-e9223691d9b4'},"{'list-728efce1-73cb-4faf-adcd-e9223691d9b4': {'_dask_helper-66d8f552-d25f-4ff8-8829-313e41dd69f7', '_dask_helper-3e40654e-d4be-41fa-869d-1e01b085079c', '_dask_helper-c919a457-0ac5-4103-9c41-fa38a7d2cd69', '_dask_helper-7a64c03c-550c-4b31-b49c-153a99e7b3bc'}, '_dask_helper-c919a457-0ac5-4103-9c41-fa38a7d2cd69': set(), '_dask_helper-3e40654e-d4be-41fa-869d-1e01b085079c': set(), '_dask_helper-66d8f552-d25f-4ff8-8829-313e41dd69f7': set(), '_dask_helper-7a64c03c-550c-4b31-b49c-153a99e7b3bc': set()}",1713557847.0452662
1,Client-d32053f5-fe89-11ee-92c8-6805cadd6766,{'list-6d8fdec0-9d9a-45e4-9c83-0a54ad771e5a'},"{'list-6d8fdec0-9d9a-45e4-9c83-0a54ad771e5a': {'_dask_helper-5103bf11-19d6-4256-85d3-0a14915b5483'}, '_dask_helper-5103bf11-19d6-4256-85d3-0a14915b5483': set()}",1713557852.7589934
2,Client-d32053f5-fe89-11ee-92c8-6805cadd6766,{'list-d533a0e3-251a-4873-8b11-2f194b766c11'},"{'list-d533a0e3-251a-4873-8b11-2f194b766c11': {'_dask_helper-fb0df722-481a-416c-b564-f1bc1021cef8'}, '_dask_helper-fb0df722-481a-416c-b564-f1bc1021cef8': set()}",1713557866.373063
