,worker,action,stimulus_id,time
0,tcp://10.201.3.212:33643,add,,1713557844.2415752
1,tcp://10.201.3.212:33303,add,,1713557844.2431233
2,tcp://10.201.3.212:35403,add,,1713557844.2459917
3,tcp://10.201.3.212:37209,add,,1713557844.2471383
4,tcp://10.201.3.212:39385,add,,1713557844.2482479
5,tcp://10.201.3.212:45873,add,,1713557844.2493653
6,tcp://10.201.3.212:40345,add,,1713557844.2504418
7,tcp://10.201.3.212:43359,add,,1713557844.2515097
