,worker,action,stimulus_id,time
0,tcp://10.201.3.105:45205,add,,1713468398.7146997
1,tcp://10.201.3.105:45285,add,,1713468400.5327487
2,tcp://10.201.3.105:40421,add,,1713468400.5358293
3,tcp://10.201.3.105:36179,add,,1713468400.5372746
4,tcp://10.201.3.107:38293,add,,1713468400.5386028
5,tcp://10.201.3.107:37823,add,,1713468400.5397196
6,tcp://10.201.3.107:45307,add,,1713468400.5408084
7,tcp://10.201.3.107:43809,add,,1713468400.5418906
