,worker,action,stimulus_id,time
0,tcp://10.201.3.228:37899,add,,1713468382.840917
1,tcp://10.201.3.228:35987,add,,1713468383.3846269
2,tcp://10.201.3.228:42711,add,,1713468383.3860135
3,tcp://10.201.3.228:35275,add,,1713468383.3871415
4,tcp://10.201.3.244:38483,add,,1713468389.4779255
5,tcp://10.201.3.244:43033,add,,1713468389.479728
6,tcp://10.201.3.244:33309,add,,1713468389.4862835
7,tcp://10.201.3.244:37533,add,,1713468389.4932442
