,worker,action,stimulus_id,time
0,tcp://10.201.1.45:42609,add,,1713455670.982405
1,tcp://10.201.1.45:43027,add,,1713455671.5402157
2,tcp://10.201.1.45:33261,add,,1713455671.5432281
3,tcp://10.201.1.45:43139,add,,1713455671.5443294
4,tcp://10.201.1.5:45889,add,,1713455672.1337216
5,tcp://10.201.1.5:38093,add,,1713455672.134955
6,tcp://10.201.1.5:39445,add,,1713455672.1360035
7,tcp://10.201.1.5:44641,add,,1713455672.1370327
