,client,action,time
0,Client-4057f13c-fe63-11ee-a14d-6805cadd6766,add,1713541272.9967651
1,Client-worker-c0b82c07-fe64-11ee-b9c9-6805cacc0f3c,add,1713541917.8590949
2,Client-worker-c0b8829f-fe64-11ee-b9cb-6805cacc0f3c,add,1713541917.9228787
3,Client-worker-c0b825b9-fe64-11ee-b9c8-6805cacc0f3c,add,1713541917.9234388
4,Client-worker-c0b88c74-fe64-11ee-b9ca-6805cacc0f3c,add,1713541917.924778
5,Client-worker-c0b94107-fe64-11ee-9de2-6805cad94060,add,1713541917.9255779
6,Client-worker-c0b9b87e-fe64-11ee-9de3-6805cad94060,add,1713541917.9261029
7,Client-worker-c0b9bc38-fe64-11ee-9de5-6805cad94060,add,1713541917.9266386
8,Client-worker-c0b9d0ba-fe64-11ee-9de4-6805cad94060,add,1713541918.0928526
