,client,action,time
0,Client-40ba04aa-fe63-11ee-8de5-6805cacee6a0,add,1713541273.6402633
1,Client-worker-9d0b9750-fe64-11ee-a561-6805cae132a6,add,1713541858.118087
2,Client-worker-9d0b9c8b-fe64-11ee-a562-6805cae132a6,add,1713541858.1194777
3,Client-worker-9d0b9b2b-fe64-11ee-a563-6805cae132a6,add,1713541858.1200252
4,Client-worker-9d0ba978-fe64-11ee-a564-6805cae132a6,add,1713541858.120731
5,Client-worker-9d113dba-fe64-11ee-a4a7-6805cacca712,add,1713541858.1212516
6,Client-worker-9d113f64-fe64-11ee-a4a6-6805cacca712,add,1713541858.1218154
7,Client-worker-9d10dc28-fe64-11ee-a4a8-6805cacca712,add,1713541858.1223452
8,Client-worker-9d113cee-fe64-11ee-a4a5-6805cacca712,add,1713541858.122866
