,client,action,time
0,Client-82679dd9-fe70-11ee-b53a-6805cae02ece,add,1713546967.2880776
1,Client-worker-e02cb8a0-fe71-11ee-9ab3-6805cae035bc,add,1713547554.08934
2,Client-worker-e02d093a-fe71-11ee-9ab4-6805cae035bc,add,1713547554.162035
3,Client-worker-e02ca15d-fe71-11ee-9ab5-6805cae035bc,add,1713547554.163778
4,Client-worker-e02d0ced-fe71-11ee-9ab6-6805cae035bc,add,1713547554.1644762
5,Client-worker-e0568cb3-fe71-11ee-8763-6805cae036a0,add,1713547554.3644323
6,Client-worker-e0569182-fe71-11ee-8766-6805cae036a0,add,1713547554.3656998
7,Client-worker-e056e76f-fe71-11ee-8764-6805cae036a0,add,1713547554.3678267
8,Client-worker-e056eb3f-fe71-11ee-8765-6805cae036a0,add,1713547554.3731863
