,client,action,time
0,Client-e7f9a5ee-fe73-11ee-a853-6805cae1dd68,add,1713548426.1786304
1,Client-worker-7126b4e0-fe75-11ee-a28a-6805cae1e1b6,add,1713549086.008968
2,Client-worker-7126a076-fe75-11ee-a28c-6805cae1e1b6,add,1713549086.0100095
3,Client-worker-7126a9e4-fe75-11ee-a289-6805cae1e1b6,add,1713549086.0108407
4,Client-worker-712616b9-fe75-11ee-a28b-6805cae1e1b6,add,1713549086.0151181
5,Client-worker-71395400-fe75-11ee-9dd1-6805cae1de52,add,1713549086.0161443
6,Client-worker-7139cbb8-fe75-11ee-9dd3-6805cae1de52,add,1713549086.018366
7,Client-worker-7139dae9-fe75-11ee-9dd2-6805cae1de52,add,1713549086.0189366
8,Client-worker-7139c685-fe75-11ee-9dd8-6805cae1de52,add,1713549086.0194736
