,worker,action,stimulus_id,time
0,tcp://10.201.1.175:43971,add,,1713548431.2258806
1,tcp://10.201.1.175:32939,add,,1713548431.2274296
2,tcp://10.201.1.175:35851,add,,1713548431.2286537
3,tcp://10.201.1.175:33535,add,,1713548431.2297313
4,tcp://10.201.1.112:37409,add,,1713548431.288911
5,tcp://10.201.1.112:40795,add,,1713548431.2900648
6,tcp://10.201.1.112:42593,add,,1713548431.2911253
7,tcp://10.201.1.112:32865,add,,1713548431.2921858
