,worker,action,stimulus_id,time
0,tcp://10.201.2.127:41565,add,,1713455682.2454112
1,tcp://10.201.2.127:35149,add,,1713455682.2578568
2,tcp://10.201.2.127:35133,add,,1713455682.262799
3,tcp://10.201.2.127:37053,add,,1713455682.2639468
4,tcp://10.201.3.17:45521,add,,1713455682.2650685
5,tcp://10.201.3.17:33095,add,,1713455682.2661793
6,tcp://10.201.3.17:42345,add,,1713455682.2673087
7,tcp://10.201.3.17:35547,add,,1713455682.2683947
