,client,action,time
0,Client-8c0e5bdd-fe70-11ee-a1db-6805cacc0762,add,1713546983.4814038
1,Client-worker-efd590f1-fe71-11ee-ae9f-6805cac5764c,add,1713547580.4500399
2,Client-worker-efd5ebb8-fe71-11ee-aea1-6805cac5764c,add,1713547580.4552395
3,Client-worker-efd5efc3-fe71-11ee-ae9e-6805cac5764c,add,1713547580.4569652
4,Client-worker-efd5f16b-fe71-11ee-aea0-6805cac5764c,add,1713547580.4575086
5,Client-worker-efd6e6be-fe71-11ee-bad1-6805cac577f0,add,1713547580.458039
6,Client-worker-efd76fa1-fe71-11ee-bad0-6805cac577f0,add,1713547580.4585905
7,Client-worker-efd76def-fe71-11ee-bacf-6805cac577f0,add,1713547580.4597278
8,Client-worker-efd77467-fe71-11ee-bad2-6805cac577f0,add,1713547580.460574
