,client,action,time
0,Client-8281c261-fe70-11ee-b2e4-6805cae02f5e,add,1713546967.459804
1,Client-worker-df94c4cf-fe71-11ee-a6e2-6805cae03012,add,1713547553.0939655
2,Client-worker-df950c24-fe71-11ee-a6e4-6805cae03012,add,1713547553.1663232
3,Client-worker-df951e97-fe71-11ee-a6e1-6805cae03012,add,1713547553.1669965
4,Client-worker-df9947e5-fe71-11ee-944b-6805cae03348,add,1713547553.1678448
5,Client-worker-df950b32-fe71-11ee-a6e3-6805cae03012,add,1713547553.1683683
6,Client-worker-df999c67-fe71-11ee-9449-6805cae03348,add,1713547553.1688716
7,Client-worker-df99c119-fe71-11ee-944a-6805cae03348,add,1713547553.1694162
8,Client-worker-df99a6b9-fe71-11ee-9448-6805cae03348,add,1713547553.1702209
