,client,action,time
0,Client-b968538d-fe67-11ee-9293-6805cae1d902,add,1713543194.089404
1,Client-worker-39ab3ab7-fe69-11ee-916e-6805cae1da52,add,1713543838.7670743
2,Client-worker-39aba8c0-fe69-11ee-916c-6805cae1da52,add,1713543838.767906
3,Client-worker-39abab52-fe69-11ee-916d-6805cae1da52,add,1713543838.8563156
4,Client-worker-39aba383-fe69-11ee-916a-6805cae1da52,add,1713543838.8575418
5,Client-worker-3a5e5aeb-fe69-11ee-bee7-6805cae1daa6,add,1713543839.9384806
6,Client-worker-3a5e469e-fe69-11ee-bee9-6805cae1daa6,add,1713543839.9426587
7,Client-worker-3a5e0e31-fe69-11ee-beea-6805cae1daa6,add,1713543839.9433646
8,Client-worker-3a695628-fe69-11ee-bee8-6805cae1daa6,add,1713543840.0109596
