,client,action,time
0,Client-7026ea0f-fe70-11ee-8914-6805cae18df2,add,1713546936.6642342
1,Client-worker-f1a2328a-fe71-11ee-8775-6805cae19932,add,1713547583.3807786
2,Client-worker-f1a24147-fe71-11ee-8777-6805cae19932,add,1713547583.509955
3,Client-worker-f1a1be25-fe71-11ee-8774-6805cae19932,add,1713547583.516712
4,Client-worker-f1a43973-fe71-11ee-84f9-6805cae198f6,add,1713547583.517673
5,Client-worker-f1a3dda8-fe71-11ee-84fa-6805cae198f6,add,1713547583.5182781
6,Client-worker-f1a4381a-fe71-11ee-84fb-6805cae198f6,add,1713547583.5192192
7,Client-worker-f1a431ec-fe71-11ee-84fc-6805cae198f6,add,1713547583.5203862
8,Client-worker-f1a242e6-fe71-11ee-8778-6805cae19932,add,1713547583.5209048
