,client,keys,dependencies,time
0,Client-3c72562a-fe7f-11ee-829c-6805cae1dd68,{'list-8606d556-c6f4-465b-933b-4f2338e69364'},"{'list-8606d556-c6f4-465b-933b-4f2338e69364': {'_dask_helper-9417f84f-f598-4120-b995-eb8272d07c56', '_dask_helper-9cc0ab9e-75fd-40da-90f8-92706d6e0a9f', '_dask_helper-191790f6-67cc-4318-98c5-df523aa88fa2', '_dask_helper-4c73b320-a6ff-4d5b-bdc5-8956a11a2419'}, '_dask_helper-9cc0ab9e-75fd-40da-90f8-92706d6e0a9f': set(), '_dask_helper-4c73b320-a6ff-4d5b-bdc5-8956a11a2419': set(), '_dask_helper-9417f84f-f598-4120-b995-eb8272d07c56': set(), '_dask_helper-191790f6-67cc-4318-98c5-df523aa88fa2': set()}",1713553298.7102184
1,Client-3c72562a-fe7f-11ee-829c-6805cae1dd68,{'list-a7bf8a51-e4f9-47b4-9407-0c54aeecdfb1'},"{'list-a7bf8a51-e4f9-47b4-9407-0c54aeecdfb1': {'_dask_helper-10af37fe-2ee2-4173-ad5b-1a37485446f0'}, '_dask_helper-10af37fe-2ee2-4173-ad5b-1a37485446f0': set()}",1713553304.4599006
2,Client-3c72562a-fe7f-11ee-829c-6805cae1dd68,{'list-2bd60362-7f72-4e17-b049-98418a85c3ce'},"{'list-2bd60362-7f72-4e17-b049-98418a85c3ce': {'_dask_helper-252424a5-ffa4-44ec-be42-df0a71f6cb6f'}, '_dask_helper-252424a5-ffa4-44ec-be42-df0a71f6cb6f': set()}",1713553318.0615337
