,worker,action,stimulus_id,time
0,tcp://10.201.1.175:36351,add,,1713553296.1469564
1,tcp://10.201.1.175:44001,add,,1713553296.1484644
2,tcp://10.201.1.175:33783,add,,1713553296.1516128
3,tcp://10.201.1.175:34267,add,,1713553296.1528935
4,tcp://10.201.1.175:40951,add,,1713553296.1539943
5,tcp://10.201.1.175:39657,add,,1713553296.155123
6,tcp://10.201.1.175:40499,add,,1713553296.1562526
7,tcp://10.201.1.175:42845,add,,1713553296.1573062
