,client,action,time
0,Client-8268fb37-fe70-11ee-abbb-6805cae1985a,add,1713546967.2967167
1,Client-worker-ebb08982-fe71-11ee-9bb8-6805cae19986,add,1713547573.4124873
2,Client-worker-ebb0f410-fe71-11ee-9bb7-6805cae19986,add,1713547573.4133778
3,Client-worker-ebb10797-fe71-11ee-9bb6-6805cae19986,add,1713547573.580935
4,Client-worker-ebb0f37f-fe71-11ee-9bb9-6805cae19986,add,1713547573.581738
5,Client-worker-ebd58a37-fe71-11ee-8b09-6805cae18dec,add,1713547573.6513455
6,Client-worker-ebd52030-fe71-11ee-8b0a-6805cae18dec,add,1713547573.653873
7,Client-worker-ebd585e6-fe71-11ee-8b08-6805cae18dec,add,1713547573.655611
8,Client-worker-ebd57dc7-fe71-11ee-8b0b-6805cae18dec,add,1713547573.65638
