,client,action,time
0,Client-71a51f8c-fe70-11ee-8f7c-6805cae19bb4,add,1713546939.1703022
1,Client-worker-d1d7a9f7-fe71-11ee-97b9-6805cae18e5e,add,1713547530.0440361
2,Client-worker-d1d7cad9-fe71-11ee-97b8-6805cae18e5e,add,1713547530.0448873
3,Client-worker-d1d756ee-fe71-11ee-97b6-6805cae18e5e,add,1713547530.0479367
4,Client-worker-d1d7b12a-fe71-11ee-97b7-6805cae18e5e,add,1713547530.0495915
5,Client-worker-d1f4d393-fe71-11ee-8119-6805cae18eee,add,1713547530.23445
6,Client-worker-d1f4cae3-fe71-11ee-8118-6805cae18eee,add,1713547530.2362025
7,Client-worker-d1f46a8d-fe71-11ee-811a-6805cae18eee,add,1713547530.2394273
8,Client-worker-d1f4c018-fe71-11ee-811b-6805cae18eee,add,1713547530.2412972
