,client,action,time
0,Client-8c1c0252-fe70-11ee-8310-6805cac57d4a,add,1713546983.5694556
1,Client-worker-0f11bc01-fe72-11ee-93f0-6805cad942a0,add,1713547632.76571
2,Client-worker-0f127ddf-fe72-11ee-93ee-6805cad942a0,add,1713547632.895038
3,Client-worker-0f127b23-fe72-11ee-b770-6805cacc0ca2,add,1713547632.895964
4,Client-worker-0f127c29-fe72-11ee-b772-6805cacc0ca2,add,1713547632.8965893
5,Client-worker-0f127fab-fe72-11ee-93f1-6805cad942a0,add,1713547632.8972297
6,Client-worker-0f1282aa-fe72-11ee-b773-6805cacc0ca2,add,1713547632.897774
7,Client-worker-0f128650-fe72-11ee-93ef-6805cad942a0,add,1713547632.8985493
8,Client-worker-0f13304c-fe72-11ee-b771-6805cacc0ca2,add,1713547632.8990402
