,worker,action,stimulus_id,time
0,tcp://10.201.0.158:33417,add,,1713468399.9088218
1,tcp://10.201.0.158:43427,add,,1713468401.7521572
2,tcp://10.201.0.158:39617,add,,1713468401.7557192
3,tcp://10.201.0.158:46717,add,,1713468401.7575898
4,tcp://10.201.0.156:38095,add,,1713468401.7587214
5,tcp://10.201.0.156:37403,add,,1713468401.7598705
6,tcp://10.201.0.156:36633,add,,1713468401.7610004
7,tcp://10.201.0.156:34625,add,,1713468401.762126
