,client,action,time
0,Client-6c87fe55-fe70-11ee-ae66-6805cae1e6be,add,1713546930.5906785
1,Client-worker-cacb9088-fe71-11ee-abd0-6805cae1ddf8,add,1713547518.220403
2,Client-worker-cacb832f-fe71-11ee-abcf-6805cae1ddf8,add,1713547518.3599524
3,Client-worker-cacb75ed-fe71-11ee-abd1-6805cae1ddf8,add,1713547518.3604865
4,Client-worker-cacb822b-fe71-11ee-abd5-6805cae1ddf8,add,1713547518.3616939
5,Client-worker-caf49870-fe71-11ee-a9c3-6805cae1de04,add,1713547518.4896326
6,Client-worker-caf513f8-fe71-11ee-a9c2-6805cae1de04,add,1713547518.4921713
7,Client-worker-caf4f653-fe71-11ee-a9c5-6805cae1de04,add,1713547518.496805
8,Client-worker-caf4ffd2-fe71-11ee-a9c1-6805cae1de04,add,1713547518.4993308
