,client,action,time
0,Client-71a2e9a3-fe70-11ee-80e8-6805cae1327c,add,1713546939.1546094
1,Client-worker-d120c8de-fe71-11ee-b123-6805cae11eb4,add,1713547528.845525
2,Client-worker-d120c09a-fe71-11ee-b124-6805cae11eb4,add,1713547528.8463972
3,Client-worker-d120df1f-fe71-11ee-b121-6805cae11eb4,add,1713547528.8504608
4,Client-worker-d120b05a-fe71-11ee-b122-6805cae11eb4,add,1713547528.8511658
5,Client-worker-d12ce7a1-fe71-11ee-bf56-6805cae1205a,add,1713547528.9266005
6,Client-worker-d12ce38a-fe71-11ee-bf59-6805cae1205a,add,1713547528.9308457
7,Client-worker-d12d3958-fe71-11ee-bf57-6805cae1205a,add,1713547528.9325533
8,Client-worker-d12d399b-fe71-11ee-bf58-6805cae1205a,add,1713547528.9343667
