,client,action,time
0,Client-403c3acf-fe63-11ee-a0c7-6805cac004f0,add,1713541272.8157775
1,Client-worker-c0bb33ba-fe64-11ee-9d88-6805cac00c9c,add,1713541917.8787847
2,Client-worker-c0bb9e2d-fe64-11ee-9d84-6805cac00c9c,add,1713541917.8810847
3,Client-worker-c0bb9f41-fe64-11ee-9d85-6805cac00c9c,add,1713541917.970741
4,Client-worker-c0bb942e-fe64-11ee-9d86-6805cac00c9c,add,1713541917.9714658
5,Client-worker-c0e323af-fe64-11ee-8b10-6805cac00ce4,add,1713541918.1403868
6,Client-worker-c0e320ea-fe64-11ee-8b0f-6805cac00ce4,add,1713541918.1448002
7,Client-worker-c0e2be72-fe64-11ee-8b11-6805cac00ce4,add,1713541918.1457744
8,Client-worker-c0e31765-fe64-11ee-8b0d-6805cac00ce4,add,1713541918.147625
