,client,action,time
0,Client-8bcab888-fe70-11ee-aa28-6805cacee4a2,add,1713546983.0384464
1,Client-worker-ea84003c-fe71-11ee-a31a-6805cacee8cc,add,1713547571.4390926
2,Client-worker-ea846e35-fe71-11ee-a31b-6805cacee8cc,add,1713547571.627692
3,Client-worker-ea845c40-fe71-11ee-a319-6805cacee8cc,add,1713547571.6299558
4,Client-worker-ea84600b-fe71-11ee-a318-6805cacee8cc,add,1713547571.630763
5,Client-worker-eacb4228-fe71-11ee-99f8-6805cacedc54,add,1713547571.9057963
6,Client-worker-eacb4b52-fe71-11ee-99f3-6805cacedc54,add,1713547571.9087656
7,Client-worker-eacb3e60-fe71-11ee-99f5-6805cacedc54,add,1713547571.9094455
8,Client-worker-eacad3b8-fe71-11ee-99f4-6805cacedc54,add,1713547571.9109418
