,client,action,time
0,Client-8c3e4e1b-fe70-11ee-b8de-6805cadd5fba,add,1713546983.7968283
1,Client-worker-f19c49cd-fe71-11ee-a712-6805cacd1e4c,add,1713547583.494348
2,Client-worker-f19cbd75-fe71-11ee-a711-6805cacd1e4c,add,1713547583.4976013
3,Client-worker-f19cb8f9-fe71-11ee-a710-6805cacd1e4c,add,1713547583.4981608
4,Client-worker-f19cae32-fe71-11ee-a713-6805cacd1e4c,add,1713547583.4990485
5,Client-worker-f1a2470f-fe71-11ee-a20c-6805cadd6772,add,1713547583.4998572
6,Client-worker-f1a24867-fe71-11ee-a20f-6805cadd6772,add,1713547583.5014868
7,Client-worker-f1a24bf5-fe71-11ee-a20e-6805cadd6772,add,1713547583.5020244
8,Client-worker-f1a1d597-fe71-11ee-a20d-6805cadd6772,add,1713547583.5025406
