,client,action,time
0,Client-829230cb-fe70-11ee-b8d0-6805cae02efe,add,1713546967.5672138
1,Client-worker-e051e833-fe71-11ee-b66c-6805cae02c88,add,1713547554.333405
2,Client-worker-e051ef11-fe71-11ee-b66d-6805cae02c88,add,1713547554.3343372
3,Client-worker-e051ecc6-fe71-11ee-b66b-6805cae02c88,add,1713547554.4456017
4,Client-worker-e051ece8-fe71-11ee-b66e-6805cae02c88,add,1713547554.4463603
5,Client-worker-e0582614-fe71-11ee-a2c8-6805cae02cd0,add,1713547554.447004
6,Client-worker-e058891f-fe71-11ee-a2ca-6805cae02cd0,add,1713547554.4478543
7,Client-worker-e05881f4-fe71-11ee-a2cb-6805cae02cd0,add,1713547554.4484184
8,Client-worker-e0588add-fe71-11ee-a2c9-6805cae02cd0,add,1713547554.4489894
