,client,action,time
0,Client-8293c2a2-fe70-11ee-9d46-6805cae02c46,add,1713546967.577462
1,Client-worker-e453273b-fe71-11ee-b0ad-6805cae19836,add,1713547561.0535133
2,Client-worker-e45388f3-fe71-11ee-b0aa-6805cae19836,add,1713547561.1474307
3,Client-worker-e4538d56-fe71-11ee-b0ab-6805cae19836,add,1713547561.1479824
4,Client-worker-e453876d-fe71-11ee-b0ac-6805cae19836,add,1713547561.1493323
5,Client-worker-e4549b55-fe71-11ee-81ee-6805cae18e6a,add,1713547561.1498682
6,Client-worker-e4549fdd-fe71-11ee-81ef-6805cae18e6a,add,1713547561.1506596
7,Client-worker-e454a009-fe71-11ee-81f0-6805cae18e6a,add,1713547561.1511786
8,Client-worker-e4549b63-fe71-11ee-81ed-6805cae18e6a,add,1713547561.1517134
