,client,action,time
0,Client-4077e05a-fe63-11ee-86fb-6805cacee4a2,add,1713541273.2056575
1,Client-worker-a70119e9-fe64-11ee-b610-6805cacedc54,add,1713541874.7162676
2,Client-worker-a701156b-fe64-11ee-b611-6805cacedc54,add,1713541874.7894607
3,Client-worker-a7011347-fe64-11ee-b60f-6805cacedc54,add,1713541874.7900553
4,Client-worker-a700a932-fe64-11ee-b60e-6805cacedc54,add,1713541874.7909267
5,Client-worker-a7023e4c-fe64-11ee-bf16-6805cacee8cc,add,1713541874.7915952
6,Client-worker-a7021e5c-fe64-11ee-bf18-6805cacee8cc,add,1713541874.7923863
7,Client-worker-a7021c5d-fe64-11ee-bf17-6805cacee8cc,add,1713541874.7928836
8,Client-worker-a7021d51-fe64-11ee-bf19-6805cacee8cc,add,1713541874.793422
