,client,action,time
0,Client-e9d8752b-fe71-11ee-9dc3-6805cae12daa,add,1713547570.3302276
1,Client-worker-4d8b0a31-fe73-11ee-8436-6805cadfb60a,add,1713548167.075472
2,Client-worker-4d8ae524-fe73-11ee-8437-6805cadfb60a,add,1713548167.149882
3,Client-worker-4d8b4d0f-fe73-11ee-8435-6805cadfb60a,add,1713548167.1515102
4,Client-worker-4d8b4a2d-fe73-11ee-8438-6805cadfb60a,add,1713548167.1523676
5,Client-worker-4db5e700-fe73-11ee-97c2-6805cae03222,add,1713548167.3564951
6,Client-worker-4db62b50-fe73-11ee-97bf-6805cae03222,add,1713548167.3591354
7,Client-worker-4db63449-fe73-11ee-97c1-6805cae03222,add,1713548167.3599424
8,Client-worker-4db63752-fe73-11ee-97c0-6805cae03222,add,1713548167.3658593
