,client,action,time
0,Client-8bb9dc50-fe70-11ee-8b19-6805cad9479c,add,1713546982.9265945
1,Client-worker-e7887819-fe71-11ee-91b2-6805cacedc84,add,1713547566.43505
2,Client-worker-e7887a85-fe71-11ee-91b0-6805cacedc84,add,1713547566.436155
3,Client-worker-e7881e2e-fe71-11ee-91b4-6805cacedc84,add,1713547566.4372227
4,Client-worker-e788884d-fe71-11ee-91b1-6805cacedc84,add,1713547566.4387784
5,Client-worker-e7b7d903-fe71-11ee-a7d3-6805cacedba0,add,1713547566.7455158
6,Client-worker-e7b843f8-fe71-11ee-a7d6-6805cacedba0,add,1713547566.7479846
7,Client-worker-e7b83190-fe71-11ee-a7d4-6805cacedba0,add,1713547566.7487054
8,Client-worker-e7b7d43d-fe71-11ee-a7d5-6805cacedba0,add,1713547566.7513351
