,client,action,time
0,Client-f18f58d1-fe73-11ee-8a41-6805cae12db0,add,1713548442.2781107
1,Client-worker-5368c32a-fe75-11ee-bd22-6805cae11eb4,add,1713549036.0165825
2,Client-worker-5368d9dc-fe75-11ee-bd1e-6805cae11eb4,add,1713549036.0172458
3,Client-worker-5368d1a0-fe75-11ee-bd1d-6805cae11eb4,add,1713549036.018329
4,Client-worker-5368cb2e-fe75-11ee-bd1f-6805cae11eb4,add,1713549036.019091
5,Client-worker-540c3eec-fe75-11ee-8b4d-6805cae1205a,add,1713549036.98388
6,Client-worker-540ca513-fe75-11ee-8b4f-6805cae1205a,add,1713549036.9858093
7,Client-worker-540c8f5c-fe75-11ee-8b4e-6805cae1205a,add,1713549036.986494
8,Client-worker-540c94c9-fe75-11ee-8b50-6805cae1205a,add,1713549036.9909754
