,worker,action,stimulus_id,time
0,tcp://10.201.4.24:45103,add,,1713468391.396308
1,tcp://10.201.4.24:36251,add,,1713468393.2923472
2,tcp://10.201.4.24:38611,add,,1713468393.2951717
3,tcp://10.201.4.24:43255,add,,1713468393.2969754
4,tcp://10.201.4.26:44297,add,,1713468395.2399406
5,tcp://10.201.4.26:39459,add,,1713468395.241391
6,tcp://10.201.4.26:32913,add,,1713468395.2426176
7,tcp://10.201.4.26:34093,add,,1713468395.243719
