,client,action,time
0,Client-719de26b-fe70-11ee-813c-6805cae1debe,add,1713546939.1218038
1,Client-worker-d28b04e8-fe71-11ee-aee4-6805cae1da76,add,1713547531.3135786
2,Client-worker-d28a95ad-fe71-11ee-aee7-6805cae1da76,add,1713547531.3179753
3,Client-worker-d28b0b3d-fe71-11ee-aee5-6805cae1da76,add,1713547531.3198586
4,Client-worker-d28b022e-fe71-11ee-aee6-6805cae1da76,add,1713547531.3203878
5,Client-worker-d28c0cc0-fe71-11ee-90a2-6805cae1e2e8,add,1713547531.3211935
6,Client-worker-d28c0c50-fe71-11ee-90a4-6805cae1e2e8,add,1713547531.3224063
7,Client-worker-d28c0bfb-fe71-11ee-90a3-6805cae1e2e8,add,1713547531.3229222
8,Client-worker-d28c067f-fe71-11ee-90a5-6805cae1e2e8,add,1713547531.3234642
