,worker,action,stimulus_id,time
0,tcp://10.201.1.29:39669,add,,1713468400.3412724
1,tcp://10.201.1.29:39065,add,,1713468402.22956
2,tcp://10.201.1.29:37083,add,,1713468402.2328684
3,tcp://10.201.1.29:41069,add,,1713468402.234267
4,tcp://10.201.1.26:40385,add,,1713468402.2357788
5,tcp://10.201.1.26:44361,add,,1713468402.2369494
6,tcp://10.201.1.26:37515,add,,1713468402.238073
7,tcp://10.201.1.26:43739,add,,1713468402.2391882
