,worker,action,stimulus_id,time
0,tcp://10.201.4.24:39949,add,,1713468888.0696294
1,tcp://10.201.4.24:46757,add,,1713468888.6117036
2,tcp://10.201.4.24:44729,add,,1713468888.6130788
3,tcp://10.201.4.24:41325,add,,1713468888.6142569
4,tcp://10.201.4.26:38711,add,,1713468889.2209163
5,tcp://10.201.4.26:40239,add,,1713468889.2222686
6,tcp://10.201.4.26:40611,add,,1713468889.2233887
7,tcp://10.201.4.26:38573,add,,1713468889.2246146
