,client,action,time
0,Client-71a2a2c1-fe70-11ee-8c8a-6805cac57cde,add,1713546939.1528037
1,Client-worker-d16fee98-fe71-11ee-ac80-6805cad940a2,add,1713547529.4164507
2,Client-worker-d16feade-fe71-11ee-ac83-6805cad940a2,add,1713547529.4196727
3,Client-worker-d16f82de-fe71-11ee-ac82-6805cad940a2,add,1713547529.4203699
4,Client-worker-d16fef53-fe71-11ee-ac81-6805cad940a2,add,1713547529.421458
5,Client-worker-d2186b4d-fe71-11ee-b0ff-6805cad94712,add,1713547530.4694366
6,Client-worker-d218848c-fe71-11ee-b100-6805cad94712,add,1713547530.4722297
7,Client-worker-d2186eef-fe71-11ee-b101-6805cad94712,add,1713547530.4740348
8,Client-worker-d218cf09-fe71-11ee-b0fe-6805cad94712,add,1713547530.4747646
