,worker,action,stimulus_id,time
0,tcp://10.201.3.218:46219,add,,1713546933.4926043
1,tcp://10.201.3.218:40537,add,,1713546935.3866699
2,tcp://10.201.3.218:46101,add,,1713546935.3897028
3,tcp://10.201.3.218:39535,add,,1713546935.390874
4,tcp://10.201.3.222:33911,add,,1713546937.3686416
5,tcp://10.201.3.222:44879,add,,1713546937.3701391
6,tcp://10.201.3.222:36951,add,,1713546937.3713775
7,tcp://10.201.3.222:39519,add,,1713546937.3724205
