,client,action,time
0,Client-b9821404-fe67-11ee-9bf0-6805cadd5f9c,add,1713543194.2595768
1,Client-worker-64aea125-fe69-11ee-8360-6805cadd5d6e,add,1713543910.9297054
2,Client-worker-64af5e4a-fe69-11ee-832e-6805cad94d98,add,1713543911.027727
3,Client-worker-64af6322-fe69-11ee-835f-6805cadd5d6e,add,1713543911.0284648
4,Client-worker-64af6507-fe69-11ee-832d-6805cad94d98,add,1713543911.029081
5,Client-worker-64af67bb-fe69-11ee-835e-6805cadd5d6e,add,1713543911.0299952
6,Client-worker-64af6a5b-fe69-11ee-835d-6805cadd5d6e,add,1713543911.030545
7,Client-worker-64af6a44-fe69-11ee-832b-6805cad94d98,add,1713543911.0310814
8,Client-worker-64af655d-fe69-11ee-832c-6805cad94d98,add,1713543911.0323033
