,client,action,time
0,Client-eb1b18ba-fe73-11ee-9156-6805cae0325e,add,1713548431.4307199
1,Client-worker-73bab7c2-fe75-11ee-b8a5-6805cae03718,add,1713549090.135574
2,Client-worker-73bb2791-fe75-11ee-b8a6-6805cae03718,add,1713549090.1387448
3,Client-worker-73bb23e8-fe75-11ee-b8ab-6805cae03718,add,1713549090.1394815
4,Client-worker-73bb6ccb-fe75-11ee-b8a8-6805cae03718,add,1713549090.1872017
5,Client-worker-73fe3be7-fe75-11ee-8b2a-6805cae0342a,add,1713549090.5819054
6,Client-worker-73fea392-fe75-11ee-8b29-6805cae0342a,add,1713549090.5824492
7,Client-worker-73feaad0-fe75-11ee-8b28-6805cae0342a,add,1713549090.5837836
8,Client-worker-73feb696-fe75-11ee-8b27-6805cae0342a,add,1713549090.5846217
